{"cameraMode":{"drawMode":0,"name":"Shaded","section":"Shading Mode"},"sceneLighting":true,"audioPlay":false,"sceneViewState":{"showFog":true,"showMaterialUpdate":false,"showSkybox":true,"showFlares":true,"showImageEffects":true,"showParticleSystems":true},"in2DMode":false,"pivot":{"x":-2904.338134765625,"y":2505.505126953125,"z":-2896.58203125},"rotation":{"x":-0.1442599892616272,"y":0.7541998028755188,"z":-0.17445962131023408,"w":-0.6167024970054627},"size":3925.285400390625,"orthographic":false}